{
    "read_if": [
        "read_if",
        "e859h",
        "module"
    ],
    "_vcs_DPI_package": [
        "_vcs_DPI_package",
        "uM9F1",
        "module"
    ],
    "...MASTER...": [
        "SIM",
        "amcQw",
        "module"
    ],
    "vcs_paramclassrepository": [
        "vcs_paramclassrepository",
        "hEeZs",
        "module"
    ],
    "_vcs_unit__3543257495": [
        "_vcs_unit__3543257495",
        "Nnx7W",
        "module"
    ],
    "uvm_pkg": [
        "uvm_pkg",
        "zr7M1",
        "module"
    ],
    "std": [
        "std",
        "reYIK",
        "module"
    ],
    "mem": [
        "mem",
        "FSbWZ",
        "module"
    ],
    "write_if": [
        "write_if",
        "RIyzE",
        "module"
    ],
    "top": [
        "top",
        "Emx8S",
        "module"
    ]
}