{
    "Modules": {
        "...MASTER...": {},
        "vcs_paramclassrepository": {
            "Compiled": "Yes",
            "Compiled Times": 1
        },
        "host_io": {
            "Compiled": "Yes",
            "Compiled Times": 1
        },
        "_vcs_DPI_package": {
            "Compiled": "Yes",
            "Compiled Times": 1
        },
        "_vcs_unit__4210886309": {
            "Compiled": "Yes",
            "Compiled Times": 1
        },
        "router_test_top": {
            "Compiled": "Yes",
            "Compiled Times": 1
        },
        "std": {
            "Compiled": "Yes",
            "Compiled Times": 1
        },
        "router_io": {
            "Compiled": "Yes",
            "Compiled Times": 1
        },
        "test": {
            "Compiled": "Yes",
            "Compiled Times": 1
        },
        "uvm_pkg": {
            "Compiled": "Yes",
            "Compiled Times": 1
        },
        "router": {
            "Compiled": "Yes",
            "Compiled Times": 1
        },
        "reset_io": {
            "Compiled": "Yes",
            "Compiled Times": 1
        },
        "iport": {
            "Compiled": "Yes",
            "Compiled Times": 1
        },
        "oport": {
            "Compiled": "Yes",
            "Compiled Times": 1
        }
    },
    "CompUnits": {
        "Qc1ND_d": {
            "mod": "reset_io",
            "out": "Qc1ND_d.o",
            "mode": 4,
            "bytes": 6221,
            "archive": "archive.0/_373_archive_1.a"
        },
        "amcQw_d": {
            "mod": "...MASTER...",
            "out": "amcQw_d.o",
            "mode": 4,
            "bytes": 5294,
            "archive": "archive.0/_373_archive_1.a"
        },
        "zr7M1_d": {
            "mod": "uvm_pkg",
            "out": "zr7M1_d.o",
            "mode": 4,
            "bytes": 2884188,
            "archive": "archive.0/_373_archive_1.a"
        },
        "uM9F1_d": {
            "mod": "_vcs_DPI_package",
            "out": "uM9F1_d.o",
            "mode": 4,
            "bytes": 17428,
            "archive": "archive.0/_373_archive_1.a"
        },
        "reYIK_d": {
            "mod": "std",
            "out": "reYIK_d.o",
            "mode": 4,
            "bytes": 19353,
            "archive": "archive.0/_373_archive_1.a"
        },
        "hEeZs_d": {
            "mod": "vcs_paramclassrepository",
            "out": "hEeZs_d.o",
            "mode": 4,
            "bytes": 2888854,
            "archive": "archive.0/_373_archive_1.a"
        },
        "yFjQe_d": {
            "mod": "router",
            "out": "yFjQe_d.o",
            "mode": 4,
            "bytes": 168652,
            "archive": "archive.0/_373_archive_1.a"
        },
        "mbgwA_d": {
            "mod": "_vcs_unit__4210886309",
            "out": "mbgwA_d.o",
            "mode": 4,
            "bytes": 61428,
            "archive": "archive.0/_373_archive_1.a"
        },
        "zQ0SK_d": {
            "mod": "host_io",
            "out": "zQ0SK_d.o",
            "mode": 4,
            "bytes": 11638,
            "archive": "archive.0/_373_archive_1.a"
        },
        "WSps8_d": {
            "mod": "router_io",
            "out": "WSps8_d.o",
            "mode": 4,
            "bytes": 27287,
            "archive": "archive.0/_373_archive_1.a"
        },
        "Cy4Zv_d": {
            "mod": "router_test_top",
            "out": "Cy4Zv_d.o",
            "mode": 4,
            "bytes": 5739,
            "archive": "archive.0/_373_archive_1.a"
        },
        "w69je_d": {
            "mod": "iport",
            "out": "w69je_d.o",
            "mode": 4,
            "bytes": 11530,
            "archive": "archive.0/_373_archive_1.a"
        },
        "qNPkI_d": {
            "mod": "oport",
            "out": "qNPkI_d.o",
            "mode": 4,
            "bytes": 10930,
            "archive": "archive.0/_373_archive_1.a"
        },
        "x9Hvb_d": {
            "mod": "test",
            "out": "x9Hvb_d.o",
            "mode": 4,
            "bytes": 2571600,
            "archive": "archive.0/_373_archive_1.a"
        }
    },
    "ObjArchives": [
        {
            "archive": "archive.0/_373_archive_1.a",
            "objects": [
                [
                    "amcQw_d.o",
                    5294
                ],
                [
                    "hEeZs_d.o",
                    2888854
                ],
                [
                    "uM9F1_d.o",
                    17428
                ],
                [
                    "mbgwA_d.o",
                    61428
                ],
                [
                    "reYIK_d.o",
                    19353
                ],
                [
                    "zr7M1_d.o",
                    2884188
                ],
                [
                    "zQ0SK_d.o",
                    11638
                ],
                [
                    "WSps8_d.o",
                    27287
                ],
                [
                    "Qc1ND_d.o",
                    6221
                ],
                [
                    "yFjQe_d.o",
                    168652
                ],
                [
                    "w69je_d.o",
                    11530
                ],
                [
                    "qNPkI_d.o",
                    10930
                ],
                [
                    "Cy4Zv_d.o",
                    5739
                ],
                [
                    "x9Hvb_d.o",
                    2571600
                ]
            ],
            "size": 8690142
        }
    ]
}