{
    "NameTable": {
        "read_if": [
            "read_if",
            "e859h",
            "module"
        ],
        "_vcs_DPI_package": [
            "_vcs_DPI_package",
            "uM9F1",
            "module"
        ],
        "...MASTER...": [
            "SIM",
            "amcQw",
            "module"
        ],
        "vcs_paramclassrepository": [
            "vcs_paramclassrepository",
            "hEeZs",
            "module"
        ],
        "_vcs_unit__3543257495": [
            "_vcs_unit__3543257495",
            "Nnx7W",
            "module"
        ],
        "uvm_pkg": [
            "uvm_pkg",
            "zr7M1",
            "module"
        ],
        "std": [
            "std",
            "reYIK",
            "module"
        ],
        "mem": [
            "mem",
            "FSbWZ",
            "module"
        ],
        "write_if": [
            "write_if",
            "RIyzE",
            "module"
        ],
        "top": [
            "top",
            "Emx8S",
            "module"
        ]
    },
    "SIMBData": {
        "out": "amcQwB.o",
        "bytes": 251338
    },
    "LVLData": [
        "SIM"
    ],
    "CompileStrategy": "fullobj",
    "CurCompileUdps": {},
    "CompileProcesses": [
        "cgproc.401.json"
    ],
    "CurCompileModules": [
        "...MASTER...",
        "vcs_paramclassrepository",
        "_vcs_DPI_package",
        "_vcs_unit__3543257495",
        "std",
        "uvm_pkg",
        "mem",
        "read_if",
        "write_if",
        "top"
    ],
    "PEModules": [],
    "Misc": {
        "archive_dir": "archive.0",
        "daidir_abs": "/home/runner/simv.daidir",
        "cwd": "/home/runner",
        "daidir": "simv.daidir",
        "csrc_abs": "/home/runner/csrc",
        "csrc": "csrc",
        "default_output_dir": "csrc"
    },
    "stat": {
        "nMops": 243933
    },
    "CompileStatus": "Successful"
}