{
    "Modules": {
        "...MASTER...": {},
        "vcs_paramclassrepository": {
            "Compiled": "Yes",
            "Compiled Times": 1
        },
        "read_if": {
            "Compiled": "Yes",
            "Compiled Times": 1
        },
        "_vcs_DPI_package": {
            "Compiled": "Yes",
            "Compiled Times": 1
        },
        "_vcs_unit__3543257495": {
            "Compiled": "Yes",
            "Compiled Times": 1
        },
        "uvm_pkg": {
            "Compiled": "Yes",
            "Compiled Times": 1
        },
        "std": {
            "Compiled": "Yes",
            "Compiled Times": 1
        },
        "mem": {
            "Compiled": "Yes",
            "Compiled Times": 1
        },
        "write_if": {
            "Compiled": "Yes",
            "Compiled Times": 1
        },
        "top": {
            "Compiled": "Yes",
            "Compiled Times": 1
        }
    },
    "CompUnits": {
        "amcQw_d": {
            "mod": "...MASTER...",
            "out": "amcQw_d.o",
            "bytes": 5160,
            "mode": 4,
            "archive": "archive.0/_401_archive_1.a"
        },
        "hEeZs_d": {
            "mod": "vcs_paramclassrepository",
            "out": "hEeZs_d.o",
            "bytes": 3054335,
            "mode": 4,
            "archive": "archive.0/_401_archive_1.a"
        },
        "uM9F1_d": {
            "mod": "_vcs_DPI_package",
            "out": "uM9F1_d.o",
            "bytes": 17492,
            "mode": 4,
            "archive": "archive.0/_401_archive_1.a"
        },
        "zr7M1_d": {
            "mod": "uvm_pkg",
            "out": "zr7M1_d.o",
            "bytes": 2515902,
            "mode": 4,
            "archive": "archive.0/_401_archive_1.a"
        },
        "Nnx7W_d": {
            "mod": "_vcs_unit__3543257495",
            "out": "Nnx7W_d.o",
            "bytes": 175214,
            "mode": 4,
            "archive": "archive.0/_401_archive_1.a"
        },
        "reYIK_d": {
            "mod": "std",
            "out": "reYIK_d.o",
            "bytes": 20107,
            "mode": 4,
            "archive": "archive.0/_401_archive_1.a"
        },
        "FSbWZ_d": {
            "mod": "mem",
            "out": "FSbWZ_d.o",
            "bytes": 5921,
            "mode": 4,
            "archive": "archive.0/_401_archive_1.a"
        },
        "e859h_d": {
            "mod": "read_if",
            "out": "e859h_d.o",
            "bytes": 14605,
            "mode": 4,
            "archive": "archive.0/_401_archive_1.a"
        },
        "RIyzE_d": {
            "mod": "write_if",
            "out": "RIyzE_d.o",
            "bytes": 16261,
            "mode": 4,
            "archive": "archive.0/_401_archive_1.a"
        },
        "Emx8S_d": {
            "mod": "top",
            "out": "Emx8S_d.o",
            "bytes": 12854,
            "mode": 4,
            "archive": "archive.0/_401_archive_1.a"
        }
    },
    "ObjArchives": [
        {
            "size": 5837851,
            "archive": "archive.0/_401_archive_1.a",
            "objects": [
                [
                    "amcQw_d.o",
                    5160
                ],
                [
                    "hEeZs_d.o",
                    3054335
                ],
                [
                    "uM9F1_d.o",
                    17492
                ],
                [
                    "Nnx7W_d.o",
                    175214
                ],
                [
                    "reYIK_d.o",
                    20107
                ],
                [
                    "zr7M1_d.o",
                    2515902
                ],
                [
                    "FSbWZ_d.o",
                    5921
                ],
                [
                    "e859h_d.o",
                    14605
                ],
                [
                    "RIyzE_d.o",
                    16261
                ],
                [
                    "Emx8S_d.o",
                    12854
                ]
            ]
        }
    ]
}